{
  "R": [
    -0.9731253967507136,
    -0.22661199307840885,
    0.040914139265006096,
    -0.22707523399253732,
    0.9738521126400539,
    -0.006992911678142709,
    -0.038259643307270365,
    -0.016095567698439846,
    -0.9991381948431679
  ],
  "t": [
    0.2244288353986867,
    0.10612086802340351,
    0.5627814614854314
  ],
  "samples_total": 30,
  "samples_kept": 30,
  "angle_inlier_deg": 5.0,
  "trans_inlier_m": 0.05,
  "B_to_A": {
    "R": [
      -1.0,
      0.0,
      0.0,
      0.0,
      1.0,
      0.0,
      0.0,
      0.0,
      -1.0
    ],
    "t": [
      0.0,
      0.0,
      -0.06
    ]
  }
}