{
  "image_size": [
    640,
    360
  ],
  "board_size": [
    9,
    6
  ],
  "square_size_m": 0.025,
  "K": [
    265.74142229942214,
    0.0,
    322.8491520897763,
    0.0,
    265.45595236184784,
    173.93277346984354,
    0.0,
    0.0,
    1.0
  ],
  "fx": 265.74142229942214,
  "fy": 265.45595236184784,
  "cx": 322.8491520897763,
  "cy": 173.93277346984354,
  "dist": [
    -5.71531768338871,
    13.240008153855442,
    -0.002452759887161163,
    0.0046925270826219875,
    0.0,
    -5.7245365493293106,
    13.300473149673948,
    -0.2390464217615776,
    0.0,
    0.0,
    0.0,
    0.0,
    0.0,
    0.0
  ],
  "rms": 0.12280053935765974,
  "reproj_median_px": 0.08434653282165527,
  "reproj_p95_px": 0.23059944435954086,
  "num_used": 20
}