{
  "image_size": [
    640,
    480
  ],
  "board_size": [
    9,
    6
  ],
  "square_size_m": 0.025,
  "K": [
    587.6261348839871,
    0.0,
    318.38252192295477,
    0.0,
    588.1624780237762,
    238.1234621789108,
    0.0,
    0.0,
    1.0
  ],
  "fx": 587.6261348839871,
  "fy": 588.1624780237762,
  "cx": 318.38252192295477,
  "cy": 238.1234621789108,
  "dist": [
    424.0278276930505,
    442.7068371628168,
    -0.0009311626658185558,
    7.084243881052664e-05,
    0.0,
    430.17261062034544,
    385.5468345810493,
    55.040959606618706,
    0.0,
    0.0,
    0.0,
    0.0,
    0.0,
    0.0
  ],
  "rms": 0.38630903821406315,
  "reproj_median_px": 0.1459926962852478,
  "reproj_p95_px": 0.43274859040975555,
  "num_used": 20
}